title,url,content
Python Programming Guide,https://docs.python.org/3/,"Python is a high-level programming language known for its simplicity and readability. It supports multiple programming paradigms and is widely used in web development, data science, and artificial intelligence applications."
JavaScript Fundamentals,https://developer.mozilla.org/javascript/,"JavaScript is a versatile programming language that powers interactive web applications. Originally designed for browsers, it now runs on servers using Node.js and enables full-stack development."
React Component Library,https://react.dev/,"React is a JavaScript library for building user interfaces with reusable components. It provides efficient rendering through virtual DOM and state management through hooks, making UI development scalable and maintainable."
PostgreSQL Relational Database,https://www.postgresql.org/,"PostgreSQL is a powerful open-source relational database management system. It supports advanced features like JSON, full-text search, arrays, and complex queries, making it ideal for modern applications."
Node.js JavaScript Runtime,https://nodejs.org/,"Node.js allows developers to run JavaScript outside the browser, enabling server-side application development. It uses an event-driven, non-blocking I/O model perfect for building scalable network applications."
HTML5 Web Standards,https://html.spec.whatwg.org/,"HTML5 is the latest standard for markup language used in web pages. It includes semantic elements like article, section, and nav, improving accessibility and search engine optimization."
CSS3 Styling Language,https://www.w3.org/Style/CSS/,"CSS3 provides advanced styling capabilities for web pages including animations, transitions, and Flexbox. Modern CSS enables responsive design that works seamlessly across different devices and screen sizes."
Express.js Web Framework,https://expressjs.com/,"Express is a minimal and flexible Node.js web application framework. It simplifies routing, middleware handling, and HTTP request management, making it ideal for building REST APIs quickly."
MongoDB NoSQL Database,https://www.mongodb.com/,"MongoDB is a popular NoSQL database that stores data in flexible JSON-like documents. Unlike relational databases, it allows for rapid development and easy scaling of applications."
REST API Best Practices,https://restfulapi.net/,"REST APIs enable communication between different applications using HTTP methods. Proper API design ensures security, scalability, and ease of use for developers integrating with your service."
Docker Containerization Platform,https://www.docker.com/,"Docker packages applications with their dependencies into containers, ensuring consistency across development, testing, and production environments. This eliminates the it works on my machine problem."
Git Version Control System,https://git-scm.com/,"Git is a distributed version control system essential for collaborative development. It enables tracking changes, branching for features, merging code, and maintaining complete project history."
React Hooks State Management,https://react.dev/reference/react/hooks,React Hooks provide a way to use state and other React features without writing class components. They enable cleaner code organization and better code reuse through custom hooks.
Machine Learning with Python,https://scikit-learn.org/,"Machine learning enables computers to learn patterns from data and make predictions. Python libraries like scikit-learn provide tools for classification, regression, clustering, and dimensionality reduction."
Web Security Best Practices,https://owasp.org/,"Web security involves protecting applications from attacks like SQL injection, cross-site scripting, and brute force attacks. Implementing security measures ensures user data safety and application integrity."
Responsive Web Design,https://web.dev/responsive-web-design/,"Responsive design ensures websites work well on all devices. Using media queries, flexible layouts, and mobile-first approaches creates consistent user experiences across smartphones, tablets, and desktops."
Database Indexing Optimization,https://use-the-index-luke.com/,"Proper database indexing significantly improves query performance. Indexes reduce the amount of data the database needs to scan, making searches faster and reducing server load."
Frontend Performance Optimization,https://web.dev/performance/,"Website performance impacts user experience and SEO rankings. Optimizing images, minifying code, lazy loading, and leveraging browser caching are key strategies for faster loading times."
RESTful API Design Patterns,https://www.postman.com/api-platform/,"Designing APIs following REST principles ensures they are stateless, cacheable, and properly use HTTP methods. Well-designed APIs are easier to understand, maintain, and scale."
Authentication and Authorization,https://auth0.com/,"Authentication verifies user identity while authorization determines permissions. Implementing JWT tokens, OAuth, and secure password hashing protects applications and user data."
Cloud Computing Platforms,https://aws.amazon.com/,"Cloud providers like AWS, Google Cloud, and Azure offer on-demand computing resources. They enable businesses to scale infrastructure without maintaining physical servers, reducing costs and complexity."
DevOps Continuous Integration,https://www.atlassian.com/devops/,"DevOps practices emphasize collaboration between development and operations teams. Continuous integration, deployment, and monitoring enable faster releases and more reliable applications."
Data Structure Algorithms,https://www.geeksforgeeks.org/data-structures/,Understanding data structures and algorithms is fundamental to computer science. Efficient algorithms reduce computational complexity and improve application performance.
Microservices Architecture,https://microservices.io/,"Microservices break applications into small, independent services that communicate via APIs. This architecture enables teams to develop, deploy, and scale services independently."
GraphQL Query Language,https://graphql.org/,"GraphQL is a query language that enables clients to request exactly the data they need. Unlike REST, GraphQL reduces over-fetching and under-fetching of data, improving efficiency."
TypeScript Type Safety,https://www.typescriptlang.org/,"TypeScript adds static type checking to JavaScript, catching errors during development. This improves code quality, documentation, and refactoring safety in large projects."
Next.js React Framework,https://nextjs.org/,"Next.js builds on React providing server-side rendering, static generation, and API routes. It enables building full-stack applications with React while optimizing performance and SEO."
Caching Strategies,https://redis.io/,Caching stores frequently accessed data in memory for quick retrieval. Redis and other caching solutions reduce database load and improve application response times significantly.
Testing Software Quality,https://jestjs.io/,"Automated testing ensures code quality and prevents regressions. Unit tests, integration tests, and end-to-end tests provide confidence in application functionality."
Mobile App Development,https://reactnative.dev/,React Native enables building native mobile applications using JavaScript. Developers can share code between iOS and Android while accessing native APIs and performance.
Content Delivery Networks,https://www.cloudflare.com/,"CDNs distribute content globally through geographically dispersed servers. This reduces latency, speeds up content delivery, and improves user experience for worldwide audiences."
API Rate Limiting,https://developers.google.com/maps/documentation/,"Rate limiting controls the number of API requests per user. It prevents abuse, manages server load, and ensures fair resource distribution among all API consumers."
Database Transactions ACID,https://en.wikipedia.org/wiki/ACID,"ACID properties ensure database reliability. Atomicity guarantees complete transactions, Consistency maintains data validity, Isolation prevents conflicts, and Durability ensures persistence."
Search Engine Optimization,https://developers.google.com/search/docs,"SEO improves website visibility in search results. Using semantic HTML, proper meta tags, mobile optimization, and quality content helps search engines understand and rank your site."
Load Balancing,https://www.nginx.com/,"Load balancers distribute incoming requests across multiple servers. This ensures no single server becomes a bottleneck, improving availability, scalability, and reliability."
WebSocket Real-time Communication,https://developer.mozilla.org/en-US/docs/Web/API/WebSocket,"WebSockets enable bidirectional communication between client and server. Unlike HTTP, WebSockets maintain persistent connections enabling real-time messaging and live updates."
Object-Oriented Programming,https://en.wikipedia.org/wiki/Object-oriented_programming,"OOP organizes code into objects with properties and methods. It enables code reusability, modularity, and easier maintenance through encapsulation, inheritance, and polymorphism."
Functional Programming,https://en.wikipedia.org/wiki/Functional_programming,"Functional programming treats computation as evaluation of functions. It emphasizes immutability and avoids side effects, making code more predictable and easier to test."
Regular Expressions Pattern Matching,https://regex101.com/,"Regular expressions provide powerful pattern matching capabilities. They enable searching, validating, and transforming text data efficiently across all programming languages."
Terminal Command Line Interface,https://www.gnu.org/software/bash/,"The command line interface provides direct computer control. Mastering terminal commands, shell scripting, and package management is essential for developers."
Package Managers,https://www.npmjs.com/,"Package managers like npm and pip simplify dependency management. They enable easy installation, updating, and removing of libraries and frameworks."
Code Review Best Practices,https://google.github.io/eng-practices/review/,"Code reviews improve code quality and knowledge sharing. They catch bugs early, ensure consistency, and help junior developers learn from experienced colleagues."
Software Documentation,https://en.wikipedia.org/wiki/Software_documentation,"Good documentation explains how to use and maintain software. Clear API documentation, README files, and code comments are essential for projects others will use or maintain."
Error Handling Debugging,https://developer.chrome.com/docs/devtools/,"Effective error handling and debugging are crucial development skills. Using browser dev tools, logging, and error boundaries helps identify and fix issues quickly."
Object Relational Mapping,https://en.wikipedia.org/wiki/Object%E2%80%93relational_mapping,ORMs like Django ORM and Sequelize map database tables to application objects. This abstraction simplifies database operations while reducing SQL code.
Concurrency Asynchronous Programming,https://javascript.info/async,"Asynchronous programming prevents blocking operations. Promises, async/await, and callbacks enable handling multiple operations concurrently, improving application responsiveness."
Dependency Injection,https://en.wikipedia.org/wiki/Dependency_injection,"Dependency injection improves code testability and maintainability. Instead of creating dependencies internally, they are injected, allowing easy swapping for testing and flexibility."
Design Patterns,https://refactoring.guru/design-patterns,"Design patterns provide reusable solutions to common programming problems. They improve code structure, enable communication among developers, and reduce development time."
Agile Development Methodology,https://www.agilealliance.org/,"Agile emphasizes iterative development, continuous feedback, and adaptation. It involves sprints, daily standups, and regular releases enabling faster value delivery."
Scrum Framework,https://www.scrum.org/,"Scrum is a framework for managing complex projects. It includes roles like product owner and scrum master, events like sprints, and artifacts like backlog."
Software Architecture,https://en.wikipedia.org/wiki/Software_architecture,"Software architecture defines system structure and component interactions. Good architecture ensures scalability, maintainability, and alignment with business requirements."
Monolithic vs Distributed Systems,https://microservices.io/patterns/monolithic.html,Monolithic applications are single deployable units while distributed systems split functionality across multiple services. Each approach has trade-offs in complexity and scalability.
Logging and Monitoring,https://www.elastic.co/,"Proper logging and monitoring enable understanding system behavior. They help identify issues, monitor performance, and ensure reliability in production."
Serverless Computing,https://aws.amazon.com/serverless/,"Serverless architectures execute code without managing servers. Functions run on demand and scale automatically, reducing operational overhead and infrastructure costs."
Infrastructure as Code,https://www.terraform.io/,"Infrastructure as Code manages infrastructure through code files. It enables version control, reproducibility, and automation of infrastructure provisioning and management."
Configuration Management,https://www.ansible.com/,Configuration management tools automate system setup and maintenance. They ensure consistency across servers and enable quick deployment of configuration changes.
Database Replication,https://en.wikipedia.org/wiki/Replication_(computing),"Database replication maintains multiple copies across locations. It ensures high availability, improves disaster recovery, and enables read scaling."
Data Backup Recovery,https://en.wikipedia.org/wiki/Backup,Regular backups protect against data loss. Having tested recovery procedures ensures business continuity when disasters occur.
Encryption Data Security,https://en.wikipedia.org/wiki/Encryption,Encryption protects data confidentiality by converting readable data to unreadable form. It secures data in transit and at rest from unauthorized access.
Zero Trust Security,https://www.nist.gov/publications/zero-trust-architecture,"Zero Trust assumes no implicit trust, requiring verification for all access. It implements least privilege access and continuous authentication for enhanced security."
Penetration Testing,https://en.wikipedia.org/wiki/Penetration_test,Penetration testing simulates attacks to identify vulnerabilities. Security professionals find weaknesses before malicious attackers can exploit them.
Software Licensing,https://opensource.org/licenses/,"Software licenses define usage rights and restrictions. Common licenses include MIT, GPL, and Apache, each with different requirements and restrictions."
Open Source Contributing,https://opensource.guide/,Contributing to open source improves skills and builds reputation. It enables collaboration with developers worldwide on meaningful projects.
Community Building,https://en.wikipedia.org/wiki/Online_community,"Developer communities share knowledge, support, and resources. Active communities around frameworks and languages accelerate learning and problem-solving."
Technical Blogging,https://www.dev.to/,"Technical blogs share knowledge and experiences. Blogging improves writing skills, builds personal brand, and helps others learn from your expertise."
Conference Speaking,https://en.wikipedia.org/wiki/Academic_conference,Speaking at conferences shares knowledge and builds professional reputation. It enables networking and positions speakers as thought leaders.
Mentorship Leadership,https://en.wikipedia.org/wiki/Mentorship,Mentoring helps junior developers grow while improving your own skills. It builds team capability and creates positive team culture.
Career Development,https://www.linkedin.com/,"Career growth requires continuous learning and networking. Building a professional network, learning new skills, and seeking mentorship accelerates advancement."
Remote Work Collaboration,https://en.wikipedia.org/wiki/Remote_work,"Remote work requires strong communication and collaboration tools. Effective async communication, clear documentation, and structured processes enable productive remote teams."
Project Management Tools,https://www.atlassian.com/software/jira,Project management tools like Jira track tasks and progress. They improve team coordination and visibility into project status.
Time Zone Management,https://en.wikipedia.org/wiki/Time_zone,"Managing distributed teams across time zones requires planning. Overlapping work hours, async-first communication, and flexible schedules enable effective collaboration."
Burnout Prevention,https://en.wikipedia.org/wiki/Occupational_burnout,"Preventing burnout requires work-life balance, clear boundaries, and meaningful work. Taking breaks and managing stress ensures long-term productivity and health."
Soft Skills Communication,https://en.wikipedia.org/wiki/Soft_skills,Soft skills like communication and teamwork are crucial for success. Technical skills matter but effective communication determines career advancement.
Problem Solving Approach,https://en.wikipedia.org/wiki/Problem_solving,"Effective problem solving involves understanding problems, exploring solutions, and testing approaches. Breaking complex problems into smaller parts makes them manageable."
Research Skills Learning,https://en.wikipedia.org/wiki/Research,"Research skills enable finding and evaluating information. Learning to read documentation, search effectively, and evaluate sources accelerates problem-solving."
Writing Clean Code,https://en.wikipedia.org/wiki/Clean_code,"Clean code is readable, maintainable, and testable. Using meaningful names, small functions, and proper formatting improves code quality and team productivity."
Refactoring Code Improvement,https://refactoring.guru/refactoring,"Refactoring improves code structure without changing functionality. It reduces complexity, improves readability, and prevents technical debt accumulation."
Code Smell Detection,https://refactoring.guru/refactoring/smells,Code smells indicate poor design or implementation. Detecting and addressing them early prevents problems from growing into bigger technical debt.
Performance Profiling,https://developer.chrome.com/docs/devtools/performance/,Profiling identifies performance bottlenecks. Using browser and application profilers reveals which parts consume most resources.
Memory Leak Detection,https://developer.chrome.com/docs/devtools/memory-problems/,Memory leaks occur when objects are no longer needed but not released. Detecting and fixing them improves application performance and stability.
SQL Query Optimization,https://use-the-index-luke.com/sql/preface,"Optimizing SQL queries reduces database load. Using indexes, avoiding N+1 queries, and query planning improves application performance."
Database Normalization,https://en.wikipedia.org/wiki/Database_normalization,Database normalization reduces data redundancy and improves integrity. It involves organizing tables and relationships following normal forms.
Scalability Patterns,https://en.wikipedia.org/wiki/Scalability,Scalability enables systems to handle growth. Horizontal scaling adds more servers while vertical scaling increases single server resources.
Redundancy Failover,https://en.wikipedia.org/wiki/Fault_tolerance,"Redundancy and failover mechanisms ensure system availability. When primary components fail, backup systems automatically take over."
Chaos Engineering,https://principlesofchaos.org/,Chaos engineering intentionally introduces failures to test resilience. It identifies weaknesses before they cause production issues.
Observability Metrics,https://www.splunk.com/,"Observability provides insights into system behavior. Metrics, logs, and traces enable understanding how systems perform and behave in production."
Analytics User Behavior,https://analytics.google.com/,Analytics track user behavior and engagement. Understanding how users interact with applications guides feature development and optimization decisions.
A/B Testing,https://en.wikipedia.org/wiki/A/B_testing,A/B testing compares two versions to determine which performs better. It enables data-driven decisions about features and improvements.
User Experience Design,https://www.nngroup.com/,"User experience design focuses on usability and satisfaction. Good UX considers user needs, conducts user research, and iterates based on feedback."
Accessibility Web Standards,https://www.w3.org/WAI/,Web accessibility ensures everyone can use websites. WCAG standards provide guidelines for accessible design benefiting all users.
Progressive Web Apps,https://web.dev/progressive-web-apps/,"Progressive web apps combine web and native app benefits. They work offline, load fast, and feel like native applications."
Browser Compatibility,https://caniuse.com/,Browser compatibility ensures applications work across different browsers. Testing and using polyfills enable supporting older browsers when necessary.
Internationalization Localization,https://en.wikipedia.org/wiki/Internationalization_and_localization,Internationalization enables supporting multiple languages and cultures. Proper implementation allows easy localization without code changes.
Cryptocurrency Blockchain,https://bitcoin.org/,Blockchain enables decentralized systems through distributed ledgers. Cryptocurrency applications demonstrate blockchain potential in financial transactions.
Artificial Intelligence,https://en.wikipedia.org/wiki/Artificial_intelligence,"Artificial intelligence enables machines to perform intelligent tasks. Applications include natural language processing, computer vision, and robotics."
Natural Language Processing,https://en.wikipedia.org/wiki/Natural_language_processing,"Natural language processing enables computers to understand human language. Applications include translation, sentiment analysis, and chatbots."
Computer Vision,https://en.wikipedia.org/wiki/Computer_vision,"Computer vision enables machines to understand images and video. Applications include object detection, face recognition, and autonomous vehicles."
Deep Learning Neural Networks,https://en.wikipedia.org/wiki/Deep_learning,"Deep learning uses neural networks with multiple layers. It excels at learning complex patterns in images, text, and audio data."
